date,calendar_global_day,session,reviewer,status,packet_path,result_path,notes
2026-06-14,2,D001-D002,ChatGPT,blocked_unavailable,05_REVIEWS/external_ai_reviews/2026-06-14_review_packet.md,,No separate ChatGPT connector/session was invoked in this turn; rule and packet created for future handoff.
2026-06-14,2,D001-D002,Claude,blocked_unavailable,05_REVIEWS/external_ai_reviews/2026-06-14_review_packet.md,,No Claude connector/API/browser session available in this turn.
2026-06-14,2,D001-D002,Perplexity,blocked_unavailable,05_REVIEWS/external_ai_reviews/2026-06-14_review_packet.md,,No Perplexity connector/API/browser session available in this turn.
2026-06-14,2,D002_VALIDATION,Codex multi-agent reviewer,completed,05_REVIEWS/external_ai_reviews/2026-06-14_review_packet.md,05_REVIEWS/external_ai_reviews/2026-06-14_review_results.md,Reviewer Gibbs completed lightweight learning quality review; adopted spread/depth prerequisite and execution-vs-price-certainty framing.
2026-06-14,2,ROADMAP,Codex agent Ramanujan,completed,,05_REVIEWS/external_ai_reviews/2026-06-14_roadmap_generation_results.md,Generated project/group/archive-level roadmap proposal; identified CS date conflict.
2026-06-14,2,ROADMAP,Codex agent Pascal,completed,,05_REVIEWS/external_ai_reviews/2026-06-14_roadmap_generation_results.md,Generated 30-day archive-cycle rhythm; route emphasis; defer list; and CS date conflict.
2026-06-14,2,ROADMAP,ChatGPT connector,blocked_unavailable,,05_REVIEWS/external_ai_reviews/2026-06-14_roadmap_generation_results.md,No callable ChatGPT connector in current tool context.
2026-06-14,2,ROADMAP,Claude connector,blocked_unavailable,,05_REVIEWS/external_ai_reviews/2026-06-14_roadmap_generation_results.md,No callable Claude connector in current tool context.
2026-06-14,2,ROADMAP,Perplexity connector,blocked_unavailable,,05_REVIEWS/external_ai_reviews/2026-06-14_roadmap_generation_results.md,No callable Perplexity connector in current tool context.
2026-06-14,2,PHYS_quant-ph_D003,Codex multi-agent reviewer Nash,completed,05_REVIEWS/external_ai_reviews/2026-06-14_review_packet.md,05_REVIEWS/external_ai_reviews/2026-06-14_review_results.md,Adopted guardrail: in quant-ph validation means repeated-measurement distribution; continue PHYS D004 before returning to Q-FIN unless user redirects.
2026-06-14,2,PHYS_quant-ph_D003,ChatGPT,blocked_unavailable,05_REVIEWS/external_ai_reviews/2026-06-14_review_packet.md,,No separate ChatGPT connector/session was invoked in this turn.
2026-06-14,2,PHYS_quant-ph_D003,Claude,blocked_unavailable,05_REVIEWS/external_ai_reviews/2026-06-14_review_packet.md,,No Claude connector/API/browser session available in this turn.
2026-06-14,2,PHYS_quant-ph_D003,Perplexity,blocked_unavailable,05_REVIEWS/external_ai_reviews/2026-06-14_review_packet.md,,No Perplexity connector/API/browser session available in this turn.
2026-06-14,2,QFIN_q-fin.TR_D003,Codex multi-agent reviewer Kierkegaard,completed,05_REVIEWS/external_ai_reviews/2026-06-14_review_packet.md,05_REVIEWS/external_ai_reviews/2026-06-14_review_results.md,Adopted guardrail: Q-FIN D003 conceptual validation is fair but Q-FIN D004 needs a concrete order-book walk calculation gate first.
2026-06-14,2,QFIN_q-fin.TR_D003,ChatGPT,blocked_unavailable,05_REVIEWS/external_ai_reviews/2026-06-14_review_packet.md,,No separate ChatGPT connector/session was invoked in this turn.
2026-06-14,2,QFIN_q-fin.TR_D003,Claude,blocked_unavailable,05_REVIEWS/external_ai_reviews/2026-06-14_review_packet.md,,No Claude connector/API/browser session available in this turn.
2026-06-14,2,QFIN_q-fin.TR_D003,Perplexity,blocked_unavailable,05_REVIEWS/external_ai_reviews/2026-06-14_review_packet.md,,No Perplexity connector/API/browser session available in this turn.
2026-06-21,9,MATH_math.PR_D001,Codex multi-agent reviewer Pauli,completed,05_REVIEWS/external_ai_reviews/2026-06-21_review_packet.md,05_REVIEWS/external_ai_reviews/2026-06-21_review_results.md,Adopted: proceed to D002 with D001 correction gate; local Git state is not remote GitHub push evidence.
2026-06-21,9,MATH_math.PR_D001,Codex multi-agent reviewer Chandrasekhar,completed,05_REVIEWS/external_ai_reviews/2026-06-21_review_packet.md,05_REVIEWS/external_ai_reviews/2026-06-21_review_results.md,Adopted: 5-minute D002 gate; random variable must be mapping/function; add finite-sample fluctuation and EV/tail risk checks.
2026-06-21,9,MATH_math.PR_D001,Codex multi-agent reviewer Socrates,completed,05_REVIEWS/external_ai_reviews/2026-06-21_review_packet.md,05_REVIEWS/external_ai_reviews/2026-06-21_review_results.md,Adopted: mixed examples agent confidence -> trading signal -> industrial alarm; keep balanced route MATH D002 then D003 before D004 queue.
2026-06-21,9,MATH_math.PR_D001,ChatGPT,blocked_unavailable,05_REVIEWS/external_ai_reviews/2026-06-21_review_packet.md,05_REVIEWS/external_ai_reviews/2026-06-21_review_results.md,No separate ChatGPT connector/session was available in this turn.
2026-06-21,9,MATH_math.PR_D001,Claude,blocked_unavailable,05_REVIEWS/external_ai_reviews/2026-06-21_review_packet.md,05_REVIEWS/external_ai_reviews/2026-06-21_review_results.md,No Claude connector/API/browser session available in this turn.
2026-06-21,9,MATH_math.PR_D001,Perplexity,blocked_unavailable,05_REVIEWS/external_ai_reviews/2026-06-21_review_packet.md,05_REVIEWS/external_ai_reviews/2026-06-21_review_results.md,No Perplexity connector/API/browser session available in this turn.
2026-06-21,9,MATH_math.PR_D002,Codex multi-agent reviewer Godel,completed,05_REVIEWS/external_ai_reviews/2026-06-21_D002_review_packet.md,05_REVIEWS/external_ai_reviews/2026-06-21_D002_review_results.md,Adopted: D003 needs Bayes base-rate gate; clarify posterior proportional to likelihood times prior; evidence quality belongs to calibration/reliability layer.
2026-06-21,9,MATH_math.PR_D002,Codex multi-agent reviewer Mencius,completed,05_REVIEWS/external_ai_reviews/2026-06-21_D002_review_packet.md,05_REVIEWS/external_ai_reviews/2026-06-21_D002_review_results.md,Adopted: proceed to D003 with gate comparing same posterior but different payoff distributions; test posterior is not收益分布.
2026-06-21,9,MATH_math.PR_D002,Codex multi-agent reviewer Carver,completed,05_REVIEWS/external_ai_reviews/2026-06-21_D002_review_packet.md,05_REVIEWS/external_ai_reviews/2026-06-21_D002_review_results.md,Adopted: D003 focus distribution shape; tail risk/drawdown; variance; calibration; PHYS/Q-FIN wait.
2026-06-21,9,MATH_math.PR_D002,ChatGPT,blocked_unavailable,05_REVIEWS/external_ai_reviews/2026-06-21_D002_review_packet.md,05_REVIEWS/external_ai_reviews/2026-06-21_D002_review_results.md,No separate ChatGPT connector/session was available in this turn.
2026-06-21,9,MATH_math.PR_D002,Claude,blocked_unavailable,05_REVIEWS/external_ai_reviews/2026-06-21_D002_review_packet.md,05_REVIEWS/external_ai_reviews/2026-06-21_D002_review_results.md,No Claude connector/API/browser session available in this turn.
2026-06-21,9,MATH_math.PR_D002,Perplexity,blocked_unavailable,05_REVIEWS/external_ai_reviews/2026-06-21_D002_review_packet.md,05_REVIEWS/external_ai_reviews/2026-06-21_D002_review_results.md,No Perplexity connector/API/browser session available in this turn.
2026-06-22,10,MATH_math.PR_D003_QFIN_GATE,Configured agent reviewer,blocked_unavailable,05_REVIEWS/external_ai_reviews/2026-06-22_MATH_D003_QFIN_gate_review_packet.md,,No configured external agent reviewer was invoked in this save turn.
2026-06-22,10,MATH_math.PR_D003_QFIN_GATE,ChatGPT,blocked_unavailable,05_REVIEWS/external_ai_reviews/2026-06-22_MATH_D003_QFIN_gate_review_packet.md,,No separate ChatGPT connector/session was available in this turn.
2026-06-22,10,MATH_math.PR_D003_QFIN_GATE,Claude,blocked_unavailable,05_REVIEWS/external_ai_reviews/2026-06-22_MATH_D003_QFIN_gate_review_packet.md,,No Claude connector/API/browser session was available in this turn.
2026-06-22,10,MATH_math.PR_D003_QFIN_GATE,Perplexity,blocked_unavailable,05_REVIEWS/external_ai_reviews/2026-06-22_MATH_D003_QFIN_gate_review_packet.md,,No Perplexity connector/API/browser session was available in this turn.
2026-06-22,10,MATH_math.PR_D003_QFIN_GATE,External reviewer 1,blocked_unavailable,05_REVIEWS/external_ai_reviews/2026-06-22_MATH_D003_QFIN_gate_review_packet.md,,No additional external reviewer connector was available in this turn.
2026-06-22,10,MATH_math.PR_D003_QFIN_GATE,External reviewer 2,blocked_unavailable,05_REVIEWS/external_ai_reviews/2026-06-22_MATH_D003_QFIN_gate_review_packet.md,,No additional external reviewer connector was available in this turn.