date,project_slug,progress,reviewer,status,packet_path,result_path,notes
2026-06-14,industrial-ai-saas-builder,D01,Codex multi-agent reviewer Helmholtz,completed,05_REVIEWS/external_ai_reviews/2026-06-14_review_packet.md,05_REVIEWS/external_ai_reviews/2026-06-14_review_results.md,"Adopted P0/P1 recommendations; revised W1 from technical RAG tutorial to RAG judgment + Industrial SaaS ROI."
2026-06-14,industrial-ai-saas-builder,D01,ChatGPT external connector,blocked_unavailable,05_REVIEWS/external_ai_reviews/2026-06-14_review_packet.md,,"No separate ChatGPT external review connector was available in current tool context."
2026-06-14,industrial-ai-saas-builder,D01,Claude external connector,blocked_unavailable,05_REVIEWS/external_ai_reviews/2026-06-14_review_packet.md,,"No Claude connector was available in current tool context."
2026-06-14,industrial-ai-saas-builder,D01,Perplexity external connector,blocked_unavailable,05_REVIEWS/external_ai_reviews/2026-06-14_review_packet.md,,"No Perplexity connector was available in current tool context."
2026-06-14,industrial-ai-saas-builder,D01,Codex multi-agent reviewer Herschel,completed,05_REVIEWS/external_ai_reviews/2026-06-14_acceleration_correction_packet.md,05_REVIEWS/external_ai_reviews/2026-06-14_acceleration_correction_results.md,"Reviewed no-D000 acceleration correction; adopted promotion gate and state-field improvements."
2026-06-14,industrial-ai-saas-builder,D01 completion,ChatGPT external connector,blocked_unavailable,05_REVIEWS/external_ai_reviews/2026-06-14_D01_completion_packet.md,05_REVIEWS/external_ai_reviews/2026-06-14_D01_completion_results.md,"Separate ChatGPT external review connector unavailable in current tool context."
2026-06-14,industrial-ai-saas-builder,D01 completion,Claude external connector,blocked_unavailable,05_REVIEWS/external_ai_reviews/2026-06-14_D01_completion_packet.md,05_REVIEWS/external_ai_reviews/2026-06-14_D01_completion_results.md,"Claude connector unavailable in current tool context."
2026-06-14,industrial-ai-saas-builder,D01 completion,Perplexity external connector,blocked_unavailable,05_REVIEWS/external_ai_reviews/2026-06-14_D01_completion_packet.md,05_REVIEWS/external_ai_reviews/2026-06-14_D01_completion_results.md,"Perplexity connector unavailable in current tool context."
2026-06-14,industrial-ai-saas-builder,D01 completion,Codex multi-agent reviewer,blocked_policy_boundary,05_REVIEWS/external_ai_reviews/2026-06-14_D01_completion_packet.md,05_REVIEWS/external_ai_reviews/2026-06-14_D01_completion_results.md,"Side conversation did not include explicit post-boundary subagent authorization; packet saved and blocker logged."
